{
    "root_group": {
        "name": "",
        "path": "",
        "id": "d41d8cd98f00b204e9800998ecf8427e",
        "groups": {},
        "checks": {
                "status 200": {
                    "name": "status 200",
                    "path": "::status 200",
                    "id": "fad9fa412b86fcb03bee97c80dcd61f1",
                    "passes": 0,
                    "fails": 153
                }
            }
    },
    "metrics": {
        "vus": {
            "value": 9,
            "min": 1,
            "max": 9
        },
        "checks": {
            "passes": 0,
            "fails": 153,
            "value": 0
        },
        "http_req_receiving": {
            "min": 0.055102,
            "med": 0.078165,
            "max": 0.259044,
            "p(90)": 0.1000756,
            "p(95)": 0.12088320000000004,
            "avg": 0.0831597385620915
        },
        "http_req_blocked": {
            "med": 0.007622,
            "max": 1.105019,
            "p(90)": 0.016581800000000015,
            "p(95)": 0.18530180000000007,
            "avg": 0.032110895424836604,
            "min": 0.004195
        },
        "http_req_failed": {
            "passes": 153,
            "fails": 0,
            "thresholds": {
                "rate<0.05": true
            },
            "value": 1
        },
        "vus_max": {
            "value": 10,
            "min": 10,
            "max": 10
        },
        "http_req_duration": {
            "p(95)": 7.863519800000001,
            "avg": 5.444813764705883,
            "min": 3.857604,
            "med": 5.081052,
            "max": 9.861712,
            "p(90)": 7.1809452,
            "thresholds": {
                "p(95)<500": false
            }
        },
        "http_reqs": {
            "count": 153,
            "rate": 4.964548606186041
        },
        "http_req_waiting": {
            "avg": 5.318060503267977,
            "min": 3.727641,
            "med": 4.963116,
            "max": 9.675708,
            "p(90)": 7.062659800000001,
            "p(95)": 7.709683000000001
        },
        "iteration_duration": {
            "avg": 1006.3599091045755,
            "min": 1004.226957,
            "med": 1006.081615,
            "max": 1010.487567,
            "p(90)": 1008.1518334,
            "p(95)": 1009.1208404
        },
        "data_sent": {
            "count": 33813,
            "rate": 1097.165241967115
        },
        "http_req_tls_handshaking": {
            "avg": 0,
            "min": 0,
            "med": 0,
            "max": 0,
            "p(90)": 0,
            "p(95)": 0
        },
        "http_req_sending": {
            "med": 0.037385,
            "max": 0.17618,
            "p(90)": 0.07857520000000001,
            "p(95)": 0.08978840000000005,
            "avg": 0.043593522875816984,
            "min": 0.015027
        },
        "data_received": {
            "count": 41004,
            "rate": 1330.499026457859
        },
        "iterations": {
            "rate": 4.964548606186041,
            "count": 153
        },
        "http_req_connecting": {
            "min": 0,
            "med": 0,
            "max": 0.465392,
            "p(90)": 0,
            "p(95)": 0.13277160000000005,
            "avg": 0.014424032679738562
        }
    }
}